image,impactScore_percentage_error,exploitabilityScore_percentage_error,baseScore_percentage_error,impactScore_bias,exploitabilityScore_bias,baseScore_bias
carts-5bb979cb6d-nsmzv_carts,46.222280502653334,25.759244636719085,32.74399841465088,0.14308803778906226,0.17650340000000006,0.23430630282396253
carts-db-6d88679f9d-ttp6d_carts-db,32.68778269892154,46.34894720965309,42.07161122440997,0.49831988281249995,1.0208560000000002,0.8411051717125001
